,RANK,NAME,TEAM,POS,AGE,GP,MPG,USG%,TO%,FTA
0,1,Joel Embiid,Phi,C-F,29.0,54,35.0,37.3,14.4,644
1,2,Luka Doncic,Dal,F-G,24.0,57,36.3,38.2,14.3,629
2,3,Damian Lillard,Por,G,32.7,54,36.3,33.8,13.5,508
3,4,Giannis Antetokounmpo,Mil,F,28.3,52,32.5,38.9,16.2,659
4,5,Shai Gilgeous-Alexander,Okc,G-F,24.7,57,35.6,32.7,12.4,610
5,6,Jayson Tatum,Bos,F-G,25.0,63,37.4,32.9,12.0,524
6,7,Stephen Curry,Gol,G,35.0,42,34.7,31.0,14.2,224
7,8,Kevin Durant,Bro,F,34.5,39,36.0,31.5,15.6,285
8,9,LeBron James,Lal,F,38.2,47,36.1,33.2,12.2,295
9,10,Devin Booker,Pho,G,26.4,40,34.2,32.1,10.7,247
10,11,Donovan Mitchell,Cle,G,26.5,59,35.6,31.8,11.6,305
11,12,Kyrie Irving,Dal,G,31.0,11,37.9,28.1,10.2,54
12,13,Kyrie Irving,Bro,G,31.0,40,36.9,29.7,10.0,179
13,14,Ja Morant,Mem,G,23.6,53,32.5,35.3,14.1,453
14,15,Trae Young,Atl,G,24.5,61,35.0,33.1,17.2,522
15,16,Kevin Durant,Pho,F,34.5,3,32.7,24.1,12.4,17
16,17,Jaylen Brown,Bos,G-F,26.4,56,36.1,31.1,12.9,301
17,18,Zion Williamson,Nor,F,22.7,29,33.0,30.3,17.4,248
18,19,Anthony Davis,Lal,F-C,30.0,43,33.5,28.9,11.6,326
19,20,Mikal Bridges,Bro,F,26.5,13,34.3,27.8,8.2,79
20,21,De'Aaron Fox,Sac,G,25.2,59,34.1,30.0,12.5,370
21,22,Julius Randle,Nyk,F-C,28.3,70,35.9,29.4,13.2,485
22,23,Lauri Markkanen,Uta,F-C,25.8,61,34.4,26.1,10.3,362
23,24,DeMar DeRozan,Chi,G-F,33.6,61,36.2,28.2,11.1,446
24,25,Zach LaVine,Chi,G-F,28.0,63,36.0,28.2,12.5,355
25,26,Anthony Edwards,Min,G,21.6,68,36.4,29.7,14.8,363
26,27,Nikola Jokic,Den,C,28.1,60,33.8,27.2,19.3,369
27,28,Pascal Siakam,Tor,F,28.9,58,37.5,27.5,12.0,403
28,29,Jalen Brunson,Nyk,G,26.5,62,34.9,27.0,10.3,365
29,30,Paul George,Lac,F,32.9,52,34.5,29.4,15.2,270
30,31,Kawhi Leonard,Lac,F,31.7,41,33.4,27.0,9.0,223
31,32,LaMelo Ball,Cha,G,21.6,36,35.2,29.9,15.2,121
32,33,Bradley Beal,Was,G,29.7,46,33.6,29.2,14.1,203
33,34,Brandon Ingram,Nor,F,25.5,31,32.7,30.5,15.2,167
34,35,Kristaps Porzingis,Was,F-C,27.6,58,32.8,27.4,12.1,385
35,36,Jimmy Butler,Mia,F,33.5,54,33.4,25.7,10.8,456
36,37,Darius Garland,Cle,G,23.1,59,35.3,27.0,15.2,292
37,38,Klay Thompson,Gol,G,33.1,56,32.8,26.8,8.8,116
38,39,James Harden,Phi,G,33.5,50,36.8,25.3,18.7,329
39,40,Jalen Green,Hou,G,21.1,61,33.6,28.4,13.5,350
40,41,Bojan Bogdanovic,Det,F,33.9,59,32.1,25.8,13.3,303
41,42,Keldon Johnson,San,F-G,23.4,57,32.6,27.6,11.1,296
42,43,Terry Rozier,Cha,G,29.0,59,35.7,26.8,10.2,213
43,44,Desmond Bane,Mem,G,24.7,44,31.3,26.1,11.2,159
44,45,Kyle Kuzma,Was,F,27.6,62,35.2,28.0,14.3,231
45,46,CJ McCollum,Nor,G,31.5,61,35.0,27.2,12.7,195
46,47,Anfernee Simons,Por,G,23.8,59,35.0,25.2,11.0,162
47,48,Bam Adebayo,Mia,C-F,25.7,64,35.1,25.6,14.3,347
48,49,Jordan Clarkson,Uta,G,30.8,61,32.6,27.9,15.3,245
49,50,Tyrese Haliburton,Ind,G,23.0,54,33.7,23.9,14.2,194
50,51,Dejounte Murray,Atl,G,26.5,63,36.4,24.7,10.9,154
51,52,Karl-Anthony Towns,Min,C-F,27.3,21,33.8,24.9,17.6,104
52,53,Jordan Poole,Gol,G,23.7,68,30.7,29.2,16.8,337
53,54,Jerami Grant,Por,F,29.0,63,35.6,23.0,11.3,342
54,55,Kelly Oubre Jr.,Cha,F-G,27.3,44,32.7,26.2,6.7,183
55,56,Tyler Herro,Mia,G,23.1,55,35.3,25.8,12.7,151
56,57,Jamal Murray,Den,G,26.0,54,32.7,26.5,11.6,189
57,58,Paolo Banchero,Orl,F,20.3,61,33.8,27.6,14.7,459
58,59,Cade Cunningham,Det,G,21.5,12,33.4,29.9,14.8,43
59,60,RJ Barrett,Nyk,F-G,22.7,63,34.2,26.3,11.9,334
60,61,Tyrese Maxey,Phi,G,22.4,48,32.9,24.8,7.9,181
61,62,Jrue Holiday,Mil,G,32.8,55,33.1,25.3,15.7,146
62,63,D'Angelo Russell,Lal,G,27.0,6,27.6,25.3,14.1,17
63,64,Fred VanVleet,Tor,G,29.0,56,37.0,22.6,10.6,227
64,65,Domantas Sabonis,Sac,F-C,26.9,64,34.5,21.3,20.3,355
65,66,Franz Wagner,Orl,F,21.5,67,32.9,23.5,12.9,275
66,67,Devin Vassell,San,G-F,22.6,33,31.0,24.6,8.8,91
67,68,Kevin Porter Jr.,Hou,G-F,22.9,45,33.5,25.0,18.6,201
68,69,Spencer Dinwiddie,Bro,G,29.9,13,34.9,24.2,13.3,66
69,70,Deandre Ayton,Pho,C,24.6,58,30.4,23.3,11.9,176
70,71,Myles Turner,Ind,C-F,27.0,57,29.6,22.0,12.3,248
71,72,D'Angelo Russell,Min,G,27.0,54,32.9,22.7,16.8,167
72,73,Spencer Dinwiddie,Dal,G,29.9,53,34.1,21.9,11.4,207
73,74,Gary Trent Jr.,Tor,G-F,24.1,59,32.7,21.8,5.7,186
74,75,Nikola Vucevic,Chi,C,32.4,67,33.8,21.7,10.8,128
75,76,Buddy Hield,Ind,G,30.2,68,31.8,20.9,11.9,108
76,77,Mikal Bridges,Pho,F,26.5,56,36.4,19.2,9.3,174
77,78,Michael Porter Jr.,Den,F,24.7,51,28.9,22.2,8.0,99
78,79,Andrew Wiggins,Gol,F,28.0,37,32.2,21.4,8.3,72
79,80,Christian Wood,Dal,F,27.5,56,26.6,26.3,13.2,231
80,81,Jaren Jackson Jr.,Mem,F-C,23.5,49,27.8,23.4,10.9,221
81,82,Aaron Gordon,Den,F,27.5,56,30.0,21.2,12.2,267
82,83,Cameron Johnson,Bro,F,27.0,12,29.6,22.9,6.2,49
83,84,O.G. Anunoby,Tor,F,25.7,54,35.9,19.9,14.2,154
84,85,Bennedict Mathurin,Ind,G-F,20.7,67,27.8,25.2,12.6,384
85,86,Norman Powell,Lac,G,29.8,54,25.8,25.9,12.4,239
86,87,Josh Giddey,Okc,G,20.4,63,30.8,24.5,16.9,111
87,88,Evan Mobley,Cle,C,21.7,68,34.2,20.4,14.4,263
88,89,Russell Westbrook,Lal,G,34.3,52,28.7,28.8,20.2,238
89,90,Devonte' Graham,San,G,28.1,11,28.1,22.1,10.2,40
90,91,De'Andre Hunter,Atl,F-G,25.3,58,32.0,19.7,9.5,191
91,92,Scottie Barnes,Tor,F,21.6,65,35.3,20.4,13.2,219
92,93,Jaden Ivey,Det,G,21.1,62,30.2,24.8,19.1,299
93,94,Wendell Carter Jr.,Orl,C-F,23.9,45,29.9,21.0,16.7,169
94,95,Brook Lopez,Mil,C,34.9,66,30.5,19.0,11.2,149
95,96,P.J. Washington,Cha,F,24.6,65,32.8,19.9,10.1,152
96,97,Harrison Barnes,Sac,F,30.8,66,33.0,17.0,10.4,327
97,98,Kevin Huerter,Sac,G-F,24.5,63,30.0,19.4,11.0,117
98,99,Jakob Poeltl,Tor,C,27.4,12,28.4,18.1,11.0,41
99,100,Saddiq Bey,Det,F,23.9,52,28.8,21.3,8.2,209
100,101,Tobias Harris,Phi,F,30.7,62,33.1,18.5,9.2,103
101,102,Alperen Sengun,Hou,C,20.6,62,28.3,21.6,19.4,241
102,103,Malcolm Brogdon,Bos,G,30.3,57,25.6,22.8,12.9,148
103,104,Gordon Hayward,Cha,F,33.0,44,31.8,19.9,14.8,136
104,105,Jarrett Allen,Cle,C,24.9,62,33.0,16.4,13.2,202
105,106,Bogdan Bogdanovic,Atl,G,30.6,42,28.7,20.1,9.5,62
106,107,Tim Hardaway Jr.,Dal,G-F,31.0,62,30.3,20.8,6.5,145
107,108,Dillon Brooks,Mem,G-F,27.1,60,30.4,22.1,9.4,129
108,109,Collin Sexton,Uta,G,24.2,47,24.0,23.1,15.4,197
109,110,Bobby Portis,Mil,F,28.1,56,26.1,21.6,9.8,87
110,111,Jonas Valanciunas,Nor,C,30.9,65,24.5,23.3,16.2,190
111,112,Cameron Johnson,Pho,F,27.0,17,25.3,19.6,5.5,33
112,113,Luguentz Dort,Okc,G,23.9,61,30.2,20.2,10.3,213
113,114,Khris Middleton,Mil,F,31.6,24,23.0,27.9,15.8,72
114,115,Rudy Gobert,Min,C,30.7,56,30.5,16.3,18.1,267
115,116,Malik Monk,Sac,G,25.1,63,22.5,26.0,16.0,176
116,117,Markelle Fultz,Orl,G,24.8,47,29.8,20.9,17.8,116
117,118,Chris Paul,Pho,G,37.9,46,32.1,19.2,15.6,137
118,119,Cam Reddish,Por,F-G,23.5,13,30.4,18.9,15.3,32
119,120,Immanuel Quickley,Nyk,G,23.7,69,28.4,19.6,9.2,176
120,121,Malik Beasley,Uta,G,26.3,55,26.7,21.3,8.2,44
121,122,Jalen Williams,Okc,G-F,21.9,62,29.7,18.1,13.5,147
122,123,Trey Murphy III,Nor,F,22.7,65,29.7,16.2,7.6,134
123,124,Russell Westbrook,Lac,G,34.3,8,29.5,23.2,27.3,19
124,125,Jusuf Nurkic,Por,C,28.6,48,26.6,22.4,19.8,178
125,126,Eric Gordon,Hou,G,34.2,47,30.2,18.1,14.8,135
126,127,Rui Hachimura,Was,F,25.1,30,24.3,23.1,10.0,58
127,128,Alec Burks,Det,G,31.6,51,22.0,22.7,11.2,188
128,129,John Collins,Atl,F-C,25.5,58,30.2,17.0,10.7,138
129,130,Dennis Schroder,Lal,G,29.5,54,31.0,18.3,14.7,198
130,131,Lonnie Walker IV,Lal,G-F,24.2,49,25.2,20.2,8.4,100
131,132,James Wiseman,Det,C,22.0,10,25.8,20.3,17.5,21
132,133,Tre Jones,San,G,23.2,55,29.0,19.8,13.3,134
133,134,Nic Claxton,Bro,F-C,23.9,63,29.3,15.6,14.7,207
134,135,Cole Anthony,Orl,G,22.8,48,25.2,21.3,13.6,139
135,136,Terrence Ross,Pho,G-F,32.1,6,20.7,20.6,3.4,4
136,137,Kenyon Martin Jr.,Hou,F,22.2,67,27.0,16.6,12.0,173
137,138,Mason Plumlee,Cha,F-C,33.0,56,28.5,15.6,17.8,256
138,139,Jabari Smith Jr.,Hou,F,19.8,64,30.3,18.4,11.4,163
139,140,Thomas Bryant,Lal,C-F,25.6,41,21.3,18.2,8.5,108
140,141,Bones Hyland,Den,G,22.5,42,19.5,28.4,13.4,82
141,142,Kelly Olynyk,Uta,F-C,31.9,56,28.3,17.3,22.1,186
142,143,Jakob Poeltl,San,C,27.4,46,26.1,18.7,19.8,129
143,144,Derrick White,Bos,G,28.7,68,28.0,17.6,10.6,154
144,145,Clint Capela,Atl,C,28.8,52,26.8,16.1,9.0,98
145,146,Kyle Lowry,Mia,G,37.0,45,33.3,17.0,17.1,119
146,147,Kris Dunn,Uta,G,29.0,8,22.4,21.6,13.6,10
147,148,Max Strus,Mia,G-F,27.0,67,29.2,17.7,8.3,84
148,149,Saddiq Bey,Atl,F,23.9,11,26.3,14.8,7.3,13
149,150,Marcus Morris Sr.,Lac,F,33.5,59,28.4,18.0,8.0,84
150,151,Keegan Murray,Sac,F,22.6,64,29.6,15.6,7.6,68
151,152,Jaden McDaniels,Min,F,22.5,65,30.7,15.2,14.2,110
152,153,Caris LeVert,Cle,G,28.5,64,30.1,18.9,13.9,153
153,154,Josh Richardson,San,G,29.5,42,23.7,20.6,13.4,60
154,155,Marcus Smart,Bos,G,29.0,51,32.4,17.6,19.7,99
155,156,John Wall,Lac,G,32.5,34,22.2,27.1,19.1,113
156,157,Marvin Bagley III,Det,F,24.0,33,22.6,20.4,11.1,78
157,158,Malik Beasley,Lal,G,26.3,12,26.0,20.9,10.6,9
158,159,Isaiah Stewart,Det,F-C,21.8,50,28.3,17.2,13.4,149
159,160,Kentavious Caldwell-Pope,Den,G,30.1,65,31.7,14.1,12.1,106
160,161,Jordan Nwora,Ind,F,24.5,10,20.2,22.1,9.0,14
161,162,Austin Reaves,Lal,G,24.8,50,27.6,15.0,16.4,161
162,163,Bruce Brown,Den,G-F,26.6,67,28.3,17.3,14.9,100
163,164,Moritz Wagner,Orl,F-C,25.9,47,20.7,21.0,13.7,154
164,165,Cameron Payne,Pho,G,28.6,35,21.9,25.0,16.5,53
165,166,Reggie Jackson,Lac,G,32.9,52,25.7,20.8,15.8,66
166,167,Jaylen Nowell,Min,G,23.7,62,19.5,24.9,9.4,97
167,168,Grayson Allen,Mil,G,27.4,63,27.9,14.7,11.5,115
168,169,Cam Thomas,Bro,G,21.4,49,16.9,27.6,11.7,162
169,170,Mike Conley,Uta,G,35.4,43,29.7,16.1,16.5,96
170,171,Josh Hart,Nyk,G,28.0,13,29.7,13.0,21.7,35
171,172,Jeremy Sochan,San,F,19.8,53,26.3,19.5,15.1,108
172,173,Zach Collins,San,F-C,25.3,55,21.9,20.5,19.7,119
173,174,Mike Conley,Min,G,35.4,10,31.2,15.4,12.5,19
174,175,Jalen McDaniels,Cha,F-C,25.1,56,26.7,17.4,13.8,104
175,176,Naz Reid,Min,C-F,23.5,60,18.0,23.8,14.4,101
176,177,Rui Hachimura,Lal,F,25.1,20,24.4,17.1,5.6,46
177,178,De'Anthony Melton,Phi,G,24.8,64,28.1,16.4,13.7,70
178,179,Victor Oladipo,Mia,G,30.9,36,27.2,20.1,17.4,71
179,180,Caleb Martin,Mia,F,27.5,58,29.8,14.8,12.3,97
180,181,Monte Morris,Was,G,27.7,54,27.8,15.3,11.1,69
181,182,Patrick Williams,Chi,F,21.5,67,28.6,15.3,13.2,87
182,183,Ivica Zubac,Lac,C,26.0,63,29.1,14.3,20.4,189
183,184,Eric Gordon,Lac,G,34.2,10,25.0,16.1,8.4,21
184,185,Tyus Jones,Mem,G,26.8,66,23.3,17.9,9.2,85
185,186,Brandon Clarke,Mem,F,26.5,56,19.5,17.6,13.6,137
186,187,Doug McDermott,San,F,31.2,57,20.6,18.8,10.4,54
187,188,Seth Curry,Bro,G,32.6,50,21.4,19.3,10.6,47
188,189,Quentin Grimes,Nyk,G,22.8,59,29.4,13.7,11.3,79
189,190,Al Horford,Bos,C-F,36.8,53,31.0,11.8,7.1,19
190,191,Josh Richardson,Nor,G,29.5,9,26.6,15.8,10.0,19
191,192,Corey Kispert,Was,F,24.0,60,27.4,12.9,9.4,63
192,193,Jalen Suggs,Orl,G,21.8,43,23.8,20.1,18.3,95
193,194,Aaron Nesmith,Ind,G-F,23.4,59,24.5,16.5,10.5,109
194,195,Chris Boucher,Tor,F-C,30.2,62,20.1,18.1,6.9,147
195,196,Josh Hart,Por,G,28.0,51,33.4,12.7,17.9,119
196,197,Killian Hayes,Det,G,21.6,62,26.9,20.0,16.9,69
197,198,Herbert Jones,Nor,F,24.4,52,29.0,14.8,14.4,127
198,199,Naji Marshall,Nor,F,25.1,63,24.9,17.3,14.5,146
199,200,Landry Shamet,Pho,G,26.0,30,21.4,19.4,10.6,45
200,201,T.J. Warren,Bro,F,29.5,26,18.9,21.0,7.8,33
201,202,Precious Achiuwa,Tor,F,23.5,44,22.0,19.0,13.3,110
202,203,Santi Aldama,Mem,F-C,22.2,63,22.1,16.0,9.4,114
203,204,Bol Bol,Orl,C-F,23.3,63,22.0,17.8,19.1,94
204,205,Hamidou Diallo,Det,G,24.6,56,17.8,21.8,15.9,148
205,206,Donte DiVincenzo,Gol,G,26.1,58,26.4,14.8,16.2,51
206,207,Gabe Vincent,Mia,G,26.7,55,26.4,17.6,15.0,69
207,208,Tari Eason,Hou,F,21.8,67,20.4,19.7,13.2,119
208,209,Jonathan Kuminga,Gol,F,20.4,54,20.2,19.8,17.4,102
209,210,Onyeka Okongwu,Atl,F-C,22.3,66,23.5,14.4,14.0,145
210,211,Jalen Smith,Ind,F-C,23.0,56,18.4,21.3,13.1,110
211,212,Malaki Branham,San,F,19.8,52,22.3,18.1,12.1,50
212,213,Dorian Finney-Smith,Dal,F,29.9,40,32.2,12.8,10.4,40
213,214,Jae'Sean Tate,Hou,F,27.4,27,21.8,18.8,16.5,59
214,215,Jose Alvarado,Nor,G,24.9,61,21.5,19.7,14.2,80
215,216,Ayo Dosunmu,Chi,G,23.2,65,27.1,14.9,15.2,74
216,217,Josh Green,Dal,G,22.3,48,25.1,14.6,15.1,84
217,218,Talen Horton-Tucker,Uta,G,22.3,54,18.3,23.8,17.6,107
218,219,Isaiah Joe,Okc,G,23.7,60,17.8,17.3,7.0,66
219,220,Terance Mann,Lac,G-F,26.4,68,23.4,15.3,12.8,94
220,221,Royce O'Neale,Bro,F,29.8,64,32.6,13.4,15.9,57
221,222,Mason Plumlee,Lac,F-C,33.0,10,21.5,15.1,30.2,41
222,223,Dario Saric,Okc,F,28.9,12,14.8,21.6,17.0,22
223,224,Kyle Anderson,Min,F-G,29.5,55,26.8,14.1,17.8,117
224,225,Dennis Smith Jr.,Cha,G,25.3,48,25.4,17.5,15.0,96
225,226,AJ Griffin,Atl,F,19.5,60,19.7,17.7,7.1,34
226,227,Aleksej Pokusevski,Okc,C,21.2,31,21.9,18.4,14.4,33
227,228,Deni Avdija,Was,F,22.2,66,25.9,16.2,16.5,141
228,229,Taurean Prince,Min,F,29.0,42,21.4,16.9,15.9,51
229,230,Coby White,Chi,G,23.1,59,22.3,17.3,10.0,60
230,231,Steven Adams,Mem,C,29.6,42,27.0,14.5,23.1,129
231,232,Keita Bates-Diop,San,F,27.1,53,21.2,15.9,10.6,103
232,233,Jalen Duren,Det,C,19.3,54,24.9,13.4,17.9,123
233,234,Daniel Gafford,Was,F-C,24.4,66,19.8,14.9,17.7,156
234,235,Gary Harris,Orl,G,28.5,37,24.9,13.0,9.0,28
235,236,Walker Kessler,Uta,C,21.6,64,22.3,12.9,13.7,129
236,237,Kevin Love,Cle,F-C,34.5,41,20.0,19.6,14.1,63
237,238,Shake Milton,Phi,G-F,26.5,63,20.2,18.6,15.4,95
238,239,Cedi Osman,Cle,F,27.9,65,20.3,18.1,9.1,90
239,240,Draymond Green,Gol,F,33.0,60,31.5,13.0,29.0,95
240,241,Damion Lee,Pho,G-F,30.4,67,21.0,16.1,14.6,102
241,242,Georges Niang,Phi,F,29.7,64,19.3,17.2,9.3,35
242,243,Cam Reddish,Nyk,F-G,23.5,20,21.9,16.2,9.9,33
243,244,Robert Williams III,Bos,C-F,25.4,28,24.2,11.8,14.8,32
244,245,Grant Williams,Bos,F,24.3,65,27.0,12.9,15.3,107
245,246,Jarred Vanderbilt,Uta,F,23.9,52,24.1,14.1,17.9,102
246,247,Eugene Omoruyi,Det,F,26.1,5,18.2,18.1,11.6,11
247,248,Mark Williams,Cha,C,21.2,37,17.7,16.6,13.7,78
248,249,Andrew Nembhard,Ind,G-F,23.2,61,26.8,14.9,17.1,42
249,250,Jevon Carter,Mil,G,27.5,67,22.5,15.3,13.2,36
250,251,Pat Connaughton,Mil,G,30.2,49,24.6,14.0,7.2,35
251,252,Chris Duarte,Ind,G,25.7,44,19.7,19.1,11.0,70
252,253,Trey Lyles,Sac,F,27.4,60,16.6,18.4,13.7,108
253,254,Terrence Ross,Orl,G-F,32.1,42,22.5,15.7,11.0,20
254,255,Kemba Walker,Dal,G,32.8,9,16.0,22.1,6.5,21
255,256,Kenrich Williams,Okc,G-F,28.3,53,22.8,13.7,8.5,39
256,257,Joe Harris,Bro,G-F,31.5,61,22.0,14.2,8.8,24
257,258,Tre Mann,Okc,G,22.1,58,18.2,20.8,10.7,50
258,259,Nick Richards,Cha,C,25.3,55,18.1,15.8,15.5,149
259,260,Shaedon Sharpe,Por,G,19.8,67,20.5,16.7,10.6,60
260,261,Jarred Vanderbilt,Lal,F,23.9,12,24.7,13.2,19.0,20
261,262,Duane Washington Jr.,Pho,G,23.0,31,12.7,32.6,11.7,24
262,263,Jeff Green,Den,F,36.5,44,19.3,17.3,12.9,86
263,264,Luke Kennard,Lac,G,26.7,35,20.7,15.1,12.4,20
264,265,T.J. McConnell,Ind,G,31.0,64,19.7,18.2,21.4,54
265,266,Nickeil Alexander-Walker,Min,G,24.5,9,17.0,19.3,7.7,9
266,267,Will Barton,Was,G,32.2,40,19.6,19.4,13.7,45
267,268,Larry Nance Jr.,Nor,F-C,30.2,51,22.0,12.7,12.3,71
268,269,Mitchell Robinson,Nyk,C-F,24.9,48,27.4,9.9,11.1,96
269,270,Willy Hernangomez,Nor,C-F,28.8,33,13.4,23.5,19.3,103
270,271,Edmond Sumner,Bro,G,27.2,47,14.5,22.2,14.8,99
271,272,Matisse Thybulle,Por,G-F,26.0,12,29.0,10.4,9.7,2
272,273,Torrey Craig,Pho,F,32.2,64,25.3,13.0,13.5,41
273,274,Jeremiah Robinson-Earl,Okc,F,22.4,34,20.2,14.8,7.5,38
274,275,Mo Bamba,Orl,C,24.8,40,17.0,16.3,9.3,51
275,276,Sandro Mamukelashvili,San,F-C,23.8,4,15.5,19.3,15.8,9
276,277,Troy Brown Jr.,Lal,G-F,23.6,62,24.7,12.3,9.8,35
277,278,Luke Kennard,Mem,G,26.7,10,21.4,11.7,8.7,8
278,279,Reggie Bullock,Dal,G-F,32.0,65,30.3,10.1,7.6,35
279,280,Dorian Finney-Smith,Bro,F,29.9,14,29.2,13.3,11.8,10
280,281,Romeo Langford,San,G-F,23.4,34,20.1,15.2,9.8,39
281,282,Kevin Love,Mia,F-C,34.5,9,21.5,16.7,14.8,14
282,283,Delon Wright,Was,G,30.9,39,24.3,12.4,14.8,42
283,284,Jaden Hardy,Dal,G,20.7,34,12.5,25.7,13.3,53
284,285,Bones Hyland,Lac,G,22.5,5,14.2,27.3,7.4,10
285,286,Joe Ingles,Mil,F-G,35.4,34,22.9,12.9,17.6,17
286,287,Ty Jerome,Gol,G-F,25.7,44,18.5,14.9,11.0,41
287,288,Anthony Lamb,Gol,F,25.1,50,20.1,13.9,15.0,45
288,289,Kevon Looney,Gol,F,27.1,68,23.4,10.5,10.7,120
289,290,Josh Okogie,Pho,G,24.5,57,16.8,18.8,14.4,132
290,291,Joshua Primo,San,G,20.2,4,23.4,18.2,29.5,9
291,292,Daniel Theis,Ind,F-C,30.9,7,15.5,20.2,6.4,12
292,293,Ben Simmons,Bro,G-F,26.6,42,26.3,14.4,29.2,57
293,294,James Wiseman,Gol,C,22.0,21,12.5,20.0,12.9,38
294,295,Brandon Boston Jr.,Lac,G,21.3,21,11.7,26.6,9.0,38
295,296,Evan Fournier,Nyk,G-F,30.4,23,18.0,18.6,11.2,21
296,297,Luka Garza,Min,C,24.2,24,8.9,27.1,9.6,50
297,298,Dwight Powell,Dal,F-C,31.6,63,19.9,12.5,20.3,149
298,299,Justise Winslow,Por,F-G,27.0,29,26.8,14.3,17.8,28
299,300,Terence Davis,Sac,G,25.8,52,13.2,21.6,13.3,35
300,301,Isaiah Jackson,Ind,F,21.2,50,15.4,17.5,14.4,112
301,302,Kendrick Nunn,Lal,G,27.6,39,13.5,23.3,11.0,21
302,303,Duncan Robinson,Mia,F,28.9,33,17.3,17.5,9.7,25
303,304,Aaron Wiggins,Okc,G-F,24.2,56,18.9,14.4,13.2,55
304,305,JaMychal Green,Gol,F-C,32.7,48,14.3,18.1,18.1,57
305,306,Isaac Okoro,Cle,F-G,22.1,70,21.5,12.3,10.5,99
306,307,Julian Champagnie,San,F,21.7,2,11.8,15.9,0.0,0
307,308,Goran Dragic,Chi,G,36.9,50,15.6,20.9,15.6,41
308,309,Patrick Beverley,Lal,G,34.7,45,26.9,10.6,14.8,50
309,310,Jock Landale,Pho,C,27.4,58,14.1,19.1,15.2,97
310,311,Nassir Little,Por,F-G,23.1,47,17.5,14.9,9.9,37
311,312,Isaiah Livers,Det,F,24.6,45,22.4,11.8,9.7,30
312,313,Kendrick Nunn,Was,G,27.6,19,14.4,20.8,16.6,10
313,314,David Roddy,Mem,F,22.0,54,16.7,17.1,13.4,53
314,315,Nickeil Alexander-Walker,Uta,G,24.5,36,14.7,18.4,20.9,39
315,316,R.J. Hampton,Det,G,22.1,8,15.9,17.7,17.3,16
316,317,Reggie Jackson,Den,G,32.9,9,20.1,19.3,11.6,8
317,318,Maxi Kleber,Dal,F,31.1,26,25.4,10.0,9.5,22
318,319,Yuta Watanabe,Bro,G-F,28.4,46,17.7,13.0,8.6,41
319,320,Andre Drummond,Chi,C,29.6,54,12.9,21.1,21.6,100
320,321,Sam Hauser,Bos,F,25.3,66,15.8,14.5,6.8,17
321,322,Mike Muscala,Okc,F-C,31.7,43,14.5,15.7,6.4,39
322,323,Dru Smith,Bro,G,25.2,5,11.3,20.7,3.8,1
323,324,Xavier Tillman,Mem,F,24.2,47,17.5,13.8,13.0,70
324,325,Obi Toppin,Nyk,F,25.0,55,14.5,19.0,8.9,37
325,326,Drew Eubanks,Por,F-C,26.1,66,19.7,11.4,17.3,103
326,327,Jalen McDaniels,Phi,F-C,25.1,13,15.9,16.0,11.0,25
327,328,Patty Mills,Bro,G,34.6,38,13.6,19.8,11.9,23
328,329,Trendon Watford,Por,F,22.3,51,17.6,14.7,21.4,73
329,330,Nicolas Batum,Lac,G-F,34.2,65,21.9,11.8,12.4,44
330,331,Jordan Nwora,Mil,F,24.5,38,15.7,17.6,14.7,43
331,332,Patrick Beverley,Chi,G,34.7,8,28.7,8.8,17.0,11
332,333,Javonte Green,Chi,G-F,29.6,28,16.0,14.0,16.1,43
333,334,Stanley Johnson,San,F-G,26.8,30,15.6,15.3,21.1,39
334,335,Charles Bassey,San,C-F,22.4,34,14.7,15.8,23.5,37
335,336,Oshae Brissett,Ind,F-G,24.7,52,16.1,15.0,8.2,95
336,337,Wenyen Gabriel,Lal,F,26.0,54,14.9,14.6,14.3,63
337,338,Jordan Goodwin,Was,G,24.4,48,17.4,15.8,14.9,49
338,339,Davion Mitchell,Sac,G,24.5,65,18.1,14.2,13.8,28
339,340,Dario Saric,Pho,F,28.9,37,14.4,18.7,16.8,44
340,341,Jaylin Williams,Okc,F,20.7,36,17.9,13.7,13.2,35
341,342,Ochai Agbaji,Uta,G,22.9,45,17.3,13.0,8.7,31
342,343,Vlatko Cancar,Den,F,25.9,49,16.3,13.8,13.3,34
343,344,Robert Covington,Lac,F,32.2,38,16.4,15.5,11.1,34
344,345,Jae Crowder,Mil,F,32.7,9,18.0,11.7,9.7,9
345,346,Dewayne Dedmon,Mia,C,33.6,30,11.7,21.1,12.8,44
346,347,Ousmane Dieng,Okc,F,19.8,25,16.4,15.4,10.5,17
347,348,R.J. Hampton,Orl,G,22.1,26,13.9,18.1,15.5,37
348,349,Mike Muscala,Bos,F-C,31.7,9,17.0,14.6,10.0,2
349,350,Goga Bitadze,Orl,C-F,23.6,5,12.2,15.9,4.9,6
350,351,Alex Caruso,Chi,G,29.0,57,24.1,11.2,22.7,69
351,352,Kevin Knox II,Det,F,23.6,42,14.1,16.1,15.1,33
352,353,John Konchar,Mem,G,27.0,58,21.5,10.6,9.8,31
353,354,Saben Lee,Pho,G,23.7,20,14.6,18.2,19.2,47
354,355,Theo Maledon,Cha,G,21.8,36,16.1,15.6,18.2,56
355,356,Derrick Rose,Nyk,G,34.4,27,12.5,23.7,12.1,12
356,357,Montrezl Harrell,Phi,F-C,29.1,51,12.3,18.1,14.3,85
357,358,Jaxson Hayes,Nor,C-F,22.8,41,14.2,15.6,16.9,83
358,359,Cory Joseph,Det,G,31.6,49,17.3,14.6,14.1,51
359,360,Nikola Jovic,Mia,F,19.8,15,13.6,18.9,12.6,19
360,361,Otto Porter Jr.,Tor,F,29.8,8,18.3,10.9,11.6,8
361,362,Darius Bazley,Okc,F-G,22.7,36,15.4,15.7,12.2,65
362,363,Lamar Stevens,Cle,F,25.7,50,18.1,13.6,9.4,47
363,364,MarJon Beauchamp,Mil,F,22.4,41,14.0,18.6,15.3,29
364,365,Josh Christopher,Hou,G,21.3,49,11.5,21.4,16.5,44
365,366,Devonte' Graham,Nor,G,28.1,53,15.3,15.0,10.5,59
366,367,Jalen Johnson,Atl,F,21.2,62,14.7,15.2,10.0,64
367,368,Ricky Rubio,Cle,G,32.4,22,16.8,18.1,15.2,25
368,369,Kira Lewis Jr.,Nor,G,21.9,20,10.9,20.0,10.7,20
369,370,Lindy Waters III,Okc,F,25.6,31,12.1,16.1,5.9,18
370,371,Zeke Nnaji,Den,F-C,22.2,44,13.3,14.6,11.6,54
371,372,Austin Rivers,Min,G,30.6,50,20.1,10.5,10.0,39
372,373,Ziaire Williams,Mem,F,21.5,34,15.1,16.8,16.8,17
373,374,Patrick Baldwin Jr.,Gol,F,20.3,23,8.8,23.2,9.1,6
374,375,Rudy Gay,Uta,F-G,36.6,52,14.5,17.3,11.9,44
375,376,George Hill,Mil,G,36.9,35,19.1,11.3,16.9,46
376,377,Justin Holiday,Dal,F-G,33.9,8,18.7,13.0,11.9,2
377,378,Jonathan Isaac,Orl,F,25.4,11,11.3,21.2,7.0,9
378,379,Cody Martin,Cha,F,27.5,7,19.1,12.9,5.2,7
379,380,Chimezie Metu,Sac,F-C,26.0,53,11.1,16.8,13.4,50
380,381,Thomas Bryant,Den,C-F,25.6,11,12.1,17.5,13.0,17
381,382,Isaiah Hartenstein,Nyk,C-F,24.9,70,19.5,11.4,16.1,58
382,383,Derrick Jones Jr.,Chi,F,26.1,51,14.0,13.9,10.6,68
383,384,Svi Mykhailiuk,Cha,G-F,25.8,7,13.4,15.8,9.0,5
384,385,Eugene Omoruyi,Okc,F,26.1,23,11.8,18.8,14.5,28
385,386,Malachi Flynn,Tor,G,24.8,43,13.7,16.5,8.2,24
386,387,DeAndre Jordan,Den,C,34.6,35,14.3,13.6,30.2,41
387,388,Garrison Mathews,Hou,G,26.4,45,13.4,14.3,9.6,45
388,389,Dean Wade,Cle,F-C,26.3,37,20.3,10.2,8.6,23
389,390,Blake Griffin,Bos,F,34.0,30,14.4,13.4,13.2,24
390,391,Chuma Okeke,Orl,F,24.6,22,18.8,11.8,10.5,21
391,392,Payton Pritchard,Bos,G,25.1,45,12.5,18.9,13.1,15
392,393,TyTy Washington Jr.,Hou,G,21.3,29,13.8,18.0,8.4,16
393,394,Blake Wesley,San,G,20.0,22,15.8,18.7,23.6,21
394,395,Cody Zeller,Mia,F-C,30.4,10,13.0,16.0,21.4,23
395,396,Moses Brown,Lac,C,23.4,34,8.5,21.6,12.7,72
396,397,Simone Fontecchio,Uta,F,27.3,39,11.6,19.1,12.4,32
397,398,A.J. Green,Mil,G,23.5,30,9.7,17.1,6.9,4
398,399,Haywood Highsmith,Mia,F,26.3,45,19.0,12.2,15.5,24
399,400,Damian Jones,Uta,C,27.7,7,15.2,9.5,22.4,5
400,401,Moses Moody,Gol,G,20.8,51,13.2,14.6,13.9,44
401,402,Justin Holiday,Atl,F-G,33.9,28,14.7,14.1,8.8,0
402,403,Johnny Juzang,Uta,G,22.0,6,11.4,19.4,6.5,2
403,404,Mo Bamba,Lal,C,24.8,7,11.5,19.2,24.8,11
404,405,Dalano Banton,Tor,F,23.3,27,9.3,23.3,12.4,19
405,406,Jamal Cain,Mia,F,24.0,15,12.4,14.5,7.4,16
406,407,Jarrett Culver,Atl,G-F,24.1,10,13.7,17.2,13.9,13
407,408,Danuel House Jr.,Phi,F-G,29.8,43,14.2,12.5,11.7,42
408,409,Daishen Nix,Hou,G,21.1,47,16.7,15.2,25.2,34
409,410,Thaddeus Young,Tor,F,34.7,54,14.7,13.5,17.5,26
410,411,Davis Bertans,Dal,F,30.3,36,10.6,15.9,7.0,12
411,412,James Bouknight,Cha,G,22.5,26,13.6,17.8,13.4,22
412,413,Ish Wainright,Pho,F,28.5,49,15.1,12.5,10.2,25
413,414,Christian Braun,Den,G,21.9,62,14.4,12.3,11.6,46
414,415,Dyson Daniels,Nor,G,20.0,46,19.3,11.4,21.6,35
415,416,Admiral Schofield,Orl,F,26.0,31,11.9,12.8,5.9,19
416,417,Bruno Fernando,Hou,F-C,24.6,31,11.7,15.1,17.7,44
417,418,Serge Ibaka,Mil,F,33.5,16,11.6,16.1,16.9,13
418,419,JaVale McGee,Dal,C-F,35.1,36,8.1,23.4,22.6,32
419,420,Gary Payton II,Por,G,30.3,15,17.1,9.3,22.5,4
420,421,Isaiah Roby,San,F,25.1,42,11.3,17.8,16.6,41
421,422,Day'Ron Sharpe,Bro,F,21.3,36,11.2,18.7,22.3,28
422,423,Danny Green,Cle,G,35.7,4,9.1,16.5,22.3,1
423,424,Aaron Holiday,Atl,G,26.4,53,13.8,13.4,13.7,28
424,425,Keon Johnson,Por,G,21.0,35,9.6,24.9,19.1,28
425,426,Rodney McGruder,Det,G,31.6,27,13.2,12.5,9.2,17
426,427,Dewayne Dedmon,Phi,C,33.6,1,4.8,18.6,0.0,0
427,428,Caleb Houstan,Orl,G,20.2,39,15.4,10.8,8.3,13
428,429,Orlando Robinson,Mia,C,22.7,29,13.7,12.6,14.8,29
429,430,Matt Ryan,Lal,F,25.9,12,10.8,17.7,5.7,5
430,431,Jamaree Bouyea,Mia,G,23.7,4,16.3,12.2,23.2,2
431,432,Darius Days,Hou,F,23.4,4,6.3,21.3,0.0,2
432,433,Nathan Knight,Min,F-C,25.5,34,8.1,18.2,20.1,53
433,434,Furkan Korkmaz,Phi,G-F,25.6,27,9.8,19.5,18.6,30
434,435,Matt Ryan,Min,F,25.9,20,8.7,16.0,6.4,7
435,436,Bismack Biyombo,Pho,C,30.5,48,13.6,13.4,23.6,51
436,437,Amir Coffey,Lac,G-F,25.7,44,13.5,13.6,11.3,57
437,438,George Hill,Ind,G,36.9,3,14.1,10.9,27.3,0
438,439,Luke Kornet,Bos,F-C,27.7,56,11.5,11.2,14.2,36
439,440,Bryn Forbes,Min,G,29.6,25,10.7,16.2,12.6,15
440,441,Kevon Harris,Orl,G,25.7,27,12.4,13.4,17.1,27
441,442,Bryce McGowens,Cha,G,20.3,34,14.7,12.6,14.9,36
442,443,Jordan McLaughlin,Min,G,26.9,31,15.3,11.8,17.3,10
443,444,Markieff Morris,Bro,F,33.5,27,10.6,15.6,14.5,10
444,445,Ryan Arcidiacono,Por,G,29.0,4,15.0,10.9,20.0,0
445,446,Max Christie,Lal,G,20.1,37,13.7,10.3,10.2,16
446,447,Jericho Sims,Nyk,C,24.4,49,15.8,7.6,19.9,16
447,448,P.J. Tucker,Phi,F,37.9,64,25.7,6.3,17.0,22
448,449,Olivier Sarr,Okc,C,24.1,2,10.9,14.3,0.0,1
449,450,David Duke Jr.,Bro,G,23.4,18,9.6,20.3,18.6,9
450,451,Taj Gibson,Was,F,37.7,41,9.9,15.3,16.5,36
451,452,Christian Koloko,Tor,C,22.7,46,14.4,10.8,12.5,53
452,453,Paul Reed,Phi,F,23.7,54,10.1,15.3,18.3,29
453,454,Goga Bitadze,Ind,C-F,23.6,21,9.6,15.5,18.7,24
454,455,Boban Marjanovic,Hou,C,34.6,24,4.8,22.6,15.0,24
455,456,Miles McBride,Nyk,G,22.5,55,11.8,14.1,10.5,34
456,457,Usman Garuba,Hou,F,21.0,60,13.2,10.3,21.3,42
457,458,Anthony Gill,Was,F,30.4,45,10.1,11.5,9.9,43
458,459,Richaun Holmes,Sac,F,29.4,35,8.7,12.6,15.8,17
459,460,Wesley Matthews,Mil,G,36.4,39,15.6,9.8,11.2,20
460,461,Jason Preston,Lac,G,23.6,13,9.4,18.6,19.6,2
461,462,Dominick Barlow,San,F,19.8,14,11.0,12.6,19.4,13
462,463,Gorgui Dieng,San,C,33.1,22,9.7,17.0,21.1,6
463,464,Jordan Hall,San,G,21.2,9,9.1,19.6,19.8,9
464,465,Jake LaRavia,Mem,F,21.4,32,12.1,11.8,16.8,9
465,466,McKinley Wright IV,Dal,G,24.4,20,11.3,13.8,19.0,13
466,467,Tyler Dorsey,Dal,G,27.1,3,2.8,27.3,0.0,0
467,468,Danny Green,Mem,G,35.7,3,14.5,13.3,21.4,0
468,469,Saben Lee,Phi,G,23.7,2,5.1,31.0,42.9,0
469,470,Raul Neto,Cle,G,30.8,42,10.2,12.0,12.6,25
470,471,Trevelin Queen,Ind,G,26.0,7,10.0,23.0,19.2,5
471,472,Neemias Queta,Sac,C,23.7,4,6.1,17.3,11.1,2
472,473,Joe Wieskamp,Tor,G-F,23.6,3,7.9,16.1,11.1,0
473,474,Moussa Diabate,Lac,F,21.1,18,9.5,14.3,18.3,16
474,475,Juancho Hernangomez,Tor,F,27.5,42,14.6,9.4,11.6,16
475,476,A.J. Lawson,Dal,G,25.9,11,5.5,20.6,3.8,3
476,477,Josh Minott,Min,F,20.3,12,6.2,17.7,0.0,6
477,478,Trent Forrest,Atl,G,24.8,18,13.3,10.8,16.6,3
478,479,Meyers Leonard,Mil,F-C,31.0,5,6.9,15.8,16.1,2
479,480,Kai Jones,Cha,C-F,22.1,35,9.2,12.5,17.0,20
480,481,Frank Kaminsky,Atl,F-C,29.9,26,6.8,14.0,16.9,12
481,482,Robin Lopez,Cle,C,34.9,34,7.5,15.7,26.7,16
482,483,Ish Smith,Den,G,34.7,34,9.4,19.0,27.3,2
483,484,Terry Taylor,Ind,G,23.5,26,8.8,14.2,12.1,7
484,485,Matisse Thybulle,Phi,G-F,26.0,49,12.1,9.8,6.4,12
485,486,Juan Toscano-Anderson,Lal,F,29.9,30,12.2,10.4,20.4,15
486,487,Jabari Walker,Por,F,20.6,44,8.9,14.9,13.3,31
487,488,Will Barton,Tor,G,32.2,5,9.7,13.2,13.3,0
488,489,James Johnson,Ind,F,36.1,13,9.2,14.7,12.4,4
489,490,Garrett Temple,Nor,G-F,36.8,16,7.4,14.8,7.6,4
490,491,JT Thor,Cha,F,20.5,57,11.6,11.8,13.9,29
491,492,Darius Bazley,Pho,F-G,22.7,2,8.5,20.2,12.5,0
492,493,Jared Butler,Okc,G,22.5,2,9.6,13.0,33.3,0
493,494,Kessler Edwards,Sac,F,22.6,6,9.1,11.8,13.9,2
494,495,Ron Harper Jr.,Tor,F,22.9,4,3.5,21.2,0.0,0
495,496,Damian Jones,Lal,C,27.7,22,8.0,13.1,19.4,20
496,497,Kevin Knox II,Por,F,23.6,8,5.5,15.9,0.0,2
497,498,Jeff Dowtin Jr.,Tor,G,25.8,18,8.9,13.3,10.3,4
498,499,Sandro Mamukelashvili,Mil,F-C,23.8,24,9.1,14.5,13.4,18
499,500,Nerlens Noel,Det,C-F,28.9,14,10.8,11.9,20.9,10
500,501,Frank Ntilikina,Dal,G,24.6,41,11.8,12.7,20.0,24
501,502,Scotty Pippen Jr.,Lal,G,22.3,6,5.3,24.0,14.0,9
502,503,Davon Reed,Den,G,27.8,35,9.0,15.0,19.9,20
503,504,Khem Birch,Tor,C,30.5,20,8.1,11.1,19.8,5
504,505,Kennedy Chandler,Mem,G,20.5,28,8.3,15.9,19.0,11
505,506,Dru Smith,Mia,G,25.2,5,13.4,9.9,6.7,0
506,507,Jaden Springer,Phi,G,20.5,8,3.7,24.1,7.0,4
507,508,Justin Champagnie,Tor,G-F,21.7,3,3.6,11.7,0.0,0
508,509,Bruno Fernando,Atl,F-C,24.6,2,2.9,36.4,40.0,0
509,510,A.J. Lawson,Min,G,25.9,1,1.8,23.7,0.0,0
510,511,Sam Merrill,Cle,G,26.8,1,4.3,20.8,0.0,0
511,512,Jared Rhoden,Det,G,23.5,4,8.2,11.7,0.0,0
512,513,Chris Silva,Dal,F,26.5,1,3.0,30.2,50.0,0
513,514,Terry Taylor,Chi,G,23.5,2,2.9,15.4,0.0,0
514,515,Stanley Umude,Det,G,23.9,1,2.1,38.0,0.0,2
515,516,Udoka Azubuike,Uta,C-F,23.5,26,5.9,11.6,25.6,8
516,517,Keon Ellis,Sac,G,23.2,10,3.7,14.5,8.9,3
517,518,Theo Pinson,Dal,G-F,27.4,34,7.1,13.9,13.0,11
518,519,Ryan Rollins,Gol,G,20.7,12,5.2,26.1,43.9,6
519,520,Greg Brown III,Por,F,21.5,16,5.8,18.4,17.6,12
520,521,Trevor Hudgins,Hou,G,24.0,5,5.7,16.6,9.6,3
521,522,Alize Johnson,San,F,26.9,4,7.4,15.3,39.1,2
522,523,Kenneth Lofton Jr.,Mem,F,20.6,12,3.4,26.7,8.2,5
523,524,Juan Toscano-Anderson,Uta,F,29.9,8,11.2,10.7,17.4,0
524,525,Quenton Jackson,Was,G,24.5,3,2.6,16.8,0.0,0
525,526,Dalen Terry,Chi,F,20.7,27,4.8,17.0,13.0,10
526,527,Tony Bradley,Chi,C-F,25.2,12,2.8,19.4,7.4,4
527,528,Mamadi Diakite,Cle,F,26.1,16,6.2,14.5,18.8,0
528,529,Andre Iguodala,Gol,G-F,39.1,7,13.8,9.1,42.9,0
529,530,Svi Mykhailiuk,Nyk,G-F,25.8,13,3.1,17.4,14.0,5
530,531,Peyton Watson,Den,G,20.5,14,3.2,21.2,9.5,2
531,532,Buddy Boeheim,Det,F,23.3,2,3.4,18.7,0.0,0
532,533,Kendall Brown,Ind,G,19.8,6,6.7,10.3,21.7,2
533,534,Carlik Jones,Chi,G,25.2,2,11.4,15.0,16.4,4
534,535,Frank Kaminsky,Hou,F-C,29.9,6,5.9,14.8,0.0,4
535,536,Trevor Keels,Nyk,G,19.5,2,2.0,33.0,0.0,0
536,537,Garrison Mathews,Atl,G,26.4,2,2.9,7.3,0.0,0
537,538,Wendell Moore Jr.,Min,G,21.5,25,5.8,14.6,16.9,5
538,539,Markieff Morris,Dal,F,33.5,4,4.8,16.7,28.6,0
539,540,Davon Reed,Lal,G,27.8,4,4.9,10.3,0.0,4
540,541,Jordan Schakel,Was,G,24.7,2,3.1,14.1,0.0,0
541,542,Cole Swider,Lal,F,23.8,6,6.7,9.5,0.0,0
542,543,T.J. Warren,Pho,F,29.5,6,7.1,12.1,8.3,0
543,544,Matthew Dellavedova,Sac,G,32.5,27,6.6,13.1,19.5,7
544,545,Facundo Campazzo,Dal,G,32.0,8,6.5,14.6,18.5,2
545,546,Braxton Key,Det,F,26.1,3,3.0,8.8,0.0,2
546,547,Vit Krejci,Atl,G,22.7,22,5.6,11.7,12.0,2
547,548,KZ Okpala,Sac,F-G,23.9,35,7.1,8.4,15.4,8
548,549,Micah Potter,Uta,F,24.9,3,4.8,5.8,0.0,0
549,550,Tyrese Martin,Atl,G,24.0,13,3.5,16.6,5.7,2
550,551,Jack White,Den,F,25.6,16,3.2,15.6,5.8,3
551,552,Johnny Davis,Was,G,21.0,14,4.9,13.5,9.8,3
552,553,Kessler Edwards,Bro,F,22.6,14,5.7,16.1,14.2,2
553,554,Isaiah Mobley,Cle,F,23.5,8,3.3,13.7,0.0,0
554,555,Noah Vonleh,Bos,F,27.6,23,7.5,9.2,31.0,2
555,556,Malcolm Hill,Chi,F,27.4,5,1.8,19.3,0.0,0
556,557,Mfiondu Kabengele,Bos,F-C,25.6,2,7.0,9.4,33.3,0
557,558,Chima Moneke,Sac,F,27.2,2,4.0,26.5,50.0,2
558,559,Nerlens Noel,Bro,C-F,28.9,3,14.4,12.2,44.6,2
559,560,JD Davison,Bos,G,20.4,7,2.6,29.2,8.3,0
560,561,Justin Jackson,Bos,F,28.0,23,4.7,12.2,6.8,2
561,562,Vince Williams Jr.,Mem,G,22.5,11,4.7,11.9,6.7,0
562,563,Alex Len,Sac,C,29.7,16,3.0,15.7,36.7,4
563,564,Dereon Seabron,Nor,G,22.8,5,2.3,18.4,0.0,0
564,565,Thanasis Antetokounmpo,Mil,F,30.7,28,4.0,12.6,26.5,8
565,566,PJ Dozier,Sac,G-F,26.4,8,1.8,18.1,0.0,0
566,567,Vernon Carey Jr.,Was,F-C,22.0,11,2.6,16.6,19.2,2
567,568,Devon Dotson,Was,G,23.6,6,8.9,9.9,25.0,0
568,569,Udonis Haslem,Mia,F,42.8,6,7.6,12.5,0.0,2
569,570,Isaiah Todd,Was,F,21.4,4,3.2,13.8,0.0,0
570,571,Leandro Bolmaro,Uta,F,22.5,14,4.9,15.9,26.9,0
571,572,Ryan Arcidiacono,Nyk,G,29.0,11,2.4,9.8,16.7,0
572,573,John Butler Jr.,Por,F,20.3,9,3.4,7.2,0.0,0
573,574,Sterling Brown,Lal,G-F,28.1,4,6.1,6.9,0.0,0
574,575,Deonte Burton,Sac,G-F,29.1,2,3.3,13.2,0.0,0
575,576,Julian Champagnie,Phi,F,21.7,2,3.4,13.3,0.0,0
576,577,Michael Foster Jr.,Phi,F,20.2,1,1.0,0.0,,0
577,578,Frank Jackson,Uta,G,24.9,1,5.1,24.6,0.0,0
578,579,Marko Simonovic,Chi,C,23.4,3,1.5,9.6,0.0,0
579,580,Alondes Williams,Bro,G,23.7,1,5.3,16.8,100.0,0
580,581,Lindell Wigginton,Mil,G,25.0,1,0.7,0.0,,0
581,582,Omer Yurtseven,Mia,C,24.7,1,7.2,6.1,0.0,0
582,583,Jamaree Bouyea,Was,G,23.7,1,5.5,7.9,0.0,0
